# ----------------------------------------,,,,,,
# Firebase overview,,,,,,
# ----------------------------------------,,,,,,
# How are active users trending?,,,,,,
# Start date: 20250801,,,,,,
# End date: 20250831,,,,,,
Nth day,30 days,7 days,1 day,,,
0,21818,9009,2109,,,
1,22539,9068,2178,,,
2,23237,9213,2177,,,
3,23760,9462,2022,,,
4,24392,9597,1976,,,
5,24987,9600,1975,,,
6,25563,9672,1967,,,
7,26101,9728,2089,,,
8,26571,9828,2211,,,
9,27040,9841,2159,,,
10,27406,9883,2090,,,
11,27584,10054,2080,,,
12,27905,10083,2067,,,
13,28356,10225,2158,,,
14,28863,10273,2180,,,
15,29278,10384,2376,,,
16,29688,10581,2330,,,
17,29870,10650,2183,,,
18,30175,10742,2174,,,
19,30664,10922,2261,,,
20,31053,11067,2266,,,
21,31402,11065,2332,,,
22,32016,11077,2409,,,
23,32405,11158,2394,,,
24,32419,11085,2099,,,
25,32545,11016,2054,,,
26,32657,10901,1955,,,
27,32677,10642,1956,,,
28,32769,10296,2014,,,
29,32556,9783,1833,,,
30,32179,9180,1680,,,
,,,,,,
#,,,,,,
# Start date: 20250801,,,,,,
# End date: 20250831,,,,,,
Nth day,2.3.6,2.3.4,2.3.5,2.3.022.b,2.2.073.b,
0,0,1960,19,84,27,
1,0,2028,9,98,24,
2,0,2011,9,94,41,
3,0,1873,22,83,24,
4,0,1837,15,78,23,
5,0,1491,374,65,28,
6,0,1104,751,63,32,
7,7,986,982,71,38,
8,7,951,1133,69,34,
9,2,786,1256,62,31,
10,28,666,1298,53,32,
11,440,603,923,66,36,
12,836,566,581,50,19,
13,1089,512,469,65,22,
14,1229,497,368,55,30,
15,1457,503,324,53,33,
16,1495,469,270,50,32,
17,1460,418,218,46,30,
18,1516,382,196,50,20,
19,1619,379,177,43,27,
20,1695,343,129,50,37,
21,1749,347,150,54,24,
22,1825,329,168,51,26,
23,1830,320,142,55,34,
24,1645,278,98,35,31,
25,1619,257,85,41,23,
26,1550,245,67,46,22,
27,1546,231,89,37,21,
28,1617,227,83,40,22,
29,1403,253,92,34,32,
30,1293,235,79,31,30,
,,,,,,
#,,,,,,
# Start date: 20250801,,,,,,
# End date: 20250831,,,,,,
App,Version,Status,,,,
8626610239,2.3.8,Successful,,,,
9786885408,2.3.8,Successful,,,,
,,,,,,
#,,,,,,
# Start date: 20250831,,,,,,
# End date: 20250831,,,,,,
App,Crash-free users,,,,,
9786885408,1,,,,,
8626610239,1,,,,,
,,,,,,
# Start date: 20250830,,,,,,
# End date: 20250830,,,,,,
App,Crash-free users,,,,,
9786885408,1,,,,,
8626610239,1,,,,,
,,,,,,
#,,,,,,
# Start date: 20250801,,,,,,
# End date: 20250831,,,,,,
Nth day,Average engagement time per active user,,,,,
0,380.7714557,,,,,
1,365.4719927,,,,,
2,378.9301791,,,,,
3,379.5133531,,,,,
4,388.041498,,,,,
5,373.2678481,,,,,
6,372.8652771,,,,,
7,349.3542365,,,,,
8,356.0443238,,,,,
9,340.8184345,,,,,
10,317.4196172,,,,,
11,361.3605769,,,,,
12,312.7421384,,,,,
13,316.6005561,,,,,
14,344.7940367,,,,,
15,329.7462121,,,,,
16,331.9961373,,,,,
17,334.5263399,,,,,
18,365.4415823,,,,,
19,348.2299867,,,,,
20,322.9249779,,,,,
21,332.584048,,,,,
22,320.6699875,,,,,
23,333.3776107,,,,,
24,346.1767508,,,,,
25,376.4172347,,,,,
26,336.202046,,,,,
27,327.5204499,,,,,
28,321.0729891,,,,,
29,307.8396072,,,,,
30,282.9660714,,,,,
,,,,,,
# Start date: 20250801,,,,,,
# End date: 20250831,,,,,,
Nth day,Engaged sessions per active user,,,,,
0,1.315315315,,,,,
1,1.329660239,,,,,
2,1.283417547,,,,,
3,1.270029674,,,,,
4,1.30111336,,,,,
5,1.266835443,,,,,
6,1.26842908,,,,,
7,1.262326472,,,,,
8,1.261872456,,,,,
9,1.295507179,,,,,
10,1.245933014,,,,,
11,1.30625,,,,,
12,1.247218191,,,,,
13,1.258572753,,,,,
14,1.269724771,,,,,
15,1.228114478,,,,,
16,1.241630901,,,,,
17,1.244159414,,,,,
18,1.245630175,,,,,
19,1.30694383,,,,,
20,1.24580759,,,,,
21,1.237135506,,,,,
22,1.223329182,,,,,
23,1.294486216,,,,,
24,1.270128633,,,,,
25,1.263875365,,,,,
26,1.261381074,,,,,
27,1.25408998,,,,,
28,1.219960278,,,,,
29,1.229678123,,,,,
30,1.194642857,,,,,
,,,,,,
# Start date: 20250801,,,,,,
# End date: 20250831,,,,,,
Nth day,Average engagement time per session,,,,,
0,240.9381938,,,,,
1,229.7252525,,,,,
2,250.5865735,,,,,
3,248.9863725,,,,,
4,248.2259631,,,,,
5,245.4074567,,,,,
6,235.9800515,,,,,
7,229.713881,,,,,
8,229.2411182,,,,,
9,219.3878951,,,,,
10,214.625364,,,,,
11,224.5682701,,,,,
12,207.324567,,,,,
13,208.3,,,,,
14,225.2475277,,,,,
15,214.4162562,,,,,
16,213.9245022,,,,,
17,217.084126,,,,,
18,239.8038032,,,,,
19,219.0119611,,,,,
20,206.825325,,,,,
21,221.3430365,,,,,
22,210.3169072,,,,,
23,208.818943,,,,,
24,216.0645257,,,,,
25,243.3619767,,,,,
26,212.5040414,,,,,
27,214.1143048,,,,,
28,212.5710059,,,,,
29,194.0405777,,,,,
30,185.1901052,,,,,
,,,,,,
#,,,,,,
# Start date: 20250721,,,,,,
# End date: 20250831,,,,,,
Cohort,Users,,,,,
0,1,,,,,
1,0.2484786705,,,,,
2,0.149723535,,,,,
3,0.1111111111,,,,,
4,0.08652271955,,,,,
5,0.07765730702,,,,,
6,0.06542489111,,,,,
7,0.05717727736,,,,,
8,0.04985636178,,,,,
9,0.04445062243,,,,,
10,0.03987891144,,,,,
11,0.03577054953,,,,,
12,0.0355852099,,,,,
13,0.0338553733,,,,,
14,0.0320328669,,,,,
15,0.03005591079,,,,,
16,0.0281716245,,,,,
17,0.02514441047,,,,,
18,0.0254841998,,,,,
19,0.02350724369,,,,,
20,0.02279677509,,,,,
21,0.02267321533,,,,,
22,0.01946066166,,,,,
23,0.01834862385,,,,,
24,0.01881197294,,,,,
25,0.01760726531,,,,,
26,0.01813239428,,,,,
27,0.01723658604,,,,,
28,0.01671145708,,,,,
29,0.01600098848,,,,,
30,0.01383869274,,,,,
31,0.01516696012,,,,,
32,0.01427115189,,,,,
33,0.01251042535,,,,,
34,0.01153618308,,,,,
35,0.0121435781,,,,,
36,0.01114511193,,,,,
37,0.01076047254,,,,,
38,0.01080771691,,,,,
39,0.0108751942,,,,,
40,0.0102380615,,,,,
41,0.01027572588,,,,,
,,,,,,
# How well do you retain your users?,,,,,,
# Start date: 20250817,,,,,,
# End date: 20250927,,,,,,
Date,Week 0,Week 1,Week 2,Week 3,Week 4,Week 5
17 Aug - 23 Aug,6367,1727,938,648,515,385
24 Aug - 30 Aug,4821,1212,705,492,387,-1
31 Aug - 6 Sept,1599,400,205,158,-1,-1
7 Sept - 13 Sept,1300,373,173,-1,-1,-1
14 Sept - 20 Sept,1121,254,-1,-1,-1,-1
21 Sept - 27 Sept,1058,-1,-1,-1,-1,-1
,,,,,,
# Where does your average 120d value come from?,,,,,,
# Start date: 20250801,,,,,,
# End date: 20250831,,,,,,
First user primary channel group (Default channel group),Average 120d value,,,,,
Direct,0.002958831893,,,,,
Organic Search,0.001188393642,,,,,
Cross-network,0.0002179631194,,,,,
Paid Search,0.00002173154362,,,,,
,,,,,,
#,,,,,,
# Start date: 20250801,,,,,,
# End date: 20250831,,,,,,
Page title and screen class,Views,,,,,
MessagingUnityPlayerActivity,111591,,,,,
AdActivity,2154,,,,,
UnityDefaultViewController,1846,,,,,
GADFullScreenAdViewController,1462,,,,,
LicenseActivity,553,,,,,
ProxyBillingActivity,443,,,,,
HiddenActivity,235,,,,,
FacebookActivity,202,,,,,
FBUnityLoginActivity,190,,,,,
CustomTabMainActivity,105,,,,,
GKHostedAuthenticateViewController,82,,,,,
UIActivityViewController,29,,,,,
UIActivityContentViewController,20,,,,,
AppLovinFullscreenActivity,10,,,,,
SLComposeViewController,10,,,,,
SignInHubActivity,9,,,,,
CustomTabActivity,7,,,,,
NotificationHandlerActivity,4,,,,,
ProxyBillingActivityV2,4,,,,,
GKDashboardHostViewController,2,,,,,
SFAirDropViewController,2,,,,,
SFAuthenticationViewController,2,,,,,
UnityPlayerActivity,1,,,,,
,,,,,,
#,,,,,,
# Start date: 20250801,,,,,,
# End date: 20250831,,,,,,
Event name,Event count,,,,,
progress,291975,,,,,
user_engagement,182233,,,,,
Homepage_Task,180786,,,,,
Gameplay_BoosterOptions_Play,125720,,,,,
coins_spent,122024,,,,,
Completed_Task,119915,,,,,
screen_view,118963,,,,,
coins_acquired,113585,,,,,
Homepage_Gameplay,112936,,,,,
session_start,93440,,,,,
Match3_Level,69897,,,,,
level_up,69795,,,,,
login,41186,,,,,
Gameplay_PreFailed_Lose1Life,33320,,,,,
Homepage_Episodes,31329,,,,,
first_open,24629,,,,,
Gameplay_Settings,24329,,,,,
Match3_Level_Failed,24326,,,,,
level_end,23248,,,,,
Gameplay_BoosterOptions_BlenderBlades,23187,,,,,
Homepage_Leaderboard,22711,,,,,
Gameplay_Settings_Home,22173,,,,,
fail,19056,,,,,
Settings_Music,17495,,,,,
Settings_Sound,16560,,,,,
app_remove,14559,,,,,
Homepage_Settings,14391,,,,,
Claimed_Daily_Bonus,11621,,,,,
Gameplay_BoosterOptions_Cancel,11251,,,,,
Homepage_Camera,10979,,,,,
Homepage_Profile,10492,,,,,
Shop_Open,9226,,,,,
Gameplay_Settings_Continue,8941,,,,,
Gameplay_Hammer,8656,,,,,
Gameplay_Settings_Music,7336,,,,,
Homepage_Lives,7314,,,,,
Complete_Episode,6635,,,,,
Camera_Share,6609,,,,,
Gameplay_Settings_Sound,6572,,,,,
Daily_Bonus_Streak,5194,,,,,
Streak_Lost_Cancel,5191,,,,,
ad_impression,4644,,,,,
gender_selection,4147,,,,,
Camera_Cancel,4108,,,,,
Obtained_ExtraKeys_WithGems,2603,,,,,
ad_reward,2485,,,,,
Gameplay_BoosterOptions_200Coins,1998,,,,,
Gameplay_Failed_WatchAds,1895,,,,,
Gameplay_Failed_Cancel,1725,,,,,
Gameplay_PreFailed_PayForExtraMoves,1542,,,,,
ad_type,1433,,,,,
Settings_Profile_Edit,1076,,,,,
Gameplay_Wheelbarrow,906,,,,,
Homepage_Coins,844,,,,,
Settings_Profile_Save,809,,,,,
match3_level,692,,,,,
Obtained_ExtraKeys_ByWatchingAnAD,664,,,,,
Gameplay_ExtraMoves_Boosters,376,,,,,
iap_purchase_failed,355,,,,,
os_update,310,,,,,
Opted_For_NoExtraKeys,277,,,,,
ad_click,226,,,,,
Homepage_Achievements,216,,,,,
app_clear_data,208,,,,,
Gameplay_BoosterOptions_WatchAD,185,,,,,
offer_shown,180,,,,,
Gameplay_Failed_900Coins,158,,,,,
Gameplay_Rocket,135,,,,,
app_update,114,,,,,
Match3_level,112,,,,,
Claimed_Daily_Bonus_Progress_Gift,100,,,,,
CutScene,92,,,,,
Gameplay_ExtraTime_Boosters,76,,,,,
Gameplay_Win_Continue,44,,,,,
Homepage_MiniGame,42,,,,,
offer_thumbnail_clicked,37,,,,,
purchase_successful,37,,,,,
Gameplay_MiniGame_Play,36,,,,,
obtained_extramoves_withgems,34,,,,,
completed_game,30,,,,,
offer_accepted,29,,,,,
Achievements_Cancel,27,,,,,
homepage_settings,23,,,,,
obtained_extratime_withgems,16,,,,,
offer_accepted_successful,15,,,,,
Gameplay_MiniGame_Cancel,5,,,,,
Save_Progress_Google,4,,,,,
in_app_purchase,4,,,,,
obtained_extramoves_bywatchinganad,2,,,,,
obtained_extratime_bywatchinganad,2,,,,,
JungleExpedition_Complete,1,,,,,
Notify_New_Episodes,1,,,,,
SafariRace_Complete,1,,,,,
,,,,,,
# What are your top performing key events?,,,,,,
# Start date: 20250801,,,,,,
# End date: 20250831,,,,,,
Event name,Key events,,,,,
session_start,92115,,,,,
first_open,24629,,,,,
,,,,,,
#,,,,,,
# Start date: 20250801,,,,,,
# End date: 20250831,,,,,,
Country ID,Active users,,,,,
AE,4,,,,,
AO,29,,,,,
AT,4,,,,,
AU,9,,,,,
BE,2,,,,,
BF,8,,,,,
BJ,3,,,,,
BR,13,,,,,
BS,1,,,,,
BW,2,,,,,
CA,85,,,,,
CD,79,,,,,
CG,7,,,,,
CH,1,,,,,
CI,73,,,,,
CM,324,,,,,
CN,7,,,,,
CO,4,,,,,
CV,1,,,,,
CZ,1,,,,,
DE,135,,,,,
DK,2,,,,,
DO,2,,,,,
DZ,6,,,,,
EG,5,,,,,
ES,16,,,,,
ET,2,,,,,
FI,1,,,,,
FJ,1,,,,,
FR,71,,,,,
GA,3,,,,,
GB,32,,,,,
GH,5139,,,,,
GM,33,,,,,
GN,2,,,,,
GQ,2,,,,,
GR,2,,,,,
GY,1,,,,,
HU,32,,,,,
ID,112,,,,,
IE,3,,,,,
IL,15,,,,,
IN,1,,,,,
IQ,1,,,,,
IR,1,,,,,
IT,2,,,,,
JM,3,,,,,
KE,8683,,,,,
KI,1,,,,,
KN,1,,,,,
KW,1,,,,,
LB,1,,,,,
LC,2,,,,,
LR,1,,,,,
LS,1,,,,,
MG,2,,,,,
ML,28,,,,,
MN,3,,,,,
MU,1,,,,,
MW,2,,,,,
MZ,2,,,,,
NA,1,,,,,
NE,2,,,,,
NG,8325,,,,,
NI,1,,,,,
NL,25,,,,,
NO,1,,,,,
NP,1,,,,,
NZ,1,,,,,
OM,1,,,,,
PE,1,,,,,
PH,4,,,,,
PK,8,,,,,
PL,3,,,,,
PT,7,,,,,
RE,1,,,,,
RU,1,,,,,
RW,5,,,,,
SA,2,,,,,
SC,1,,,,,
SE,1,,,,,
SG,3,,,,,
SL,5,,,,,
SN,1959,,,,,
SO,2,,,,,
SR,1,,,,,
SS,2,,,,,
TD,2,,,,,
TG,7,,,,,
TH,1,,,,,
TN,5,,,,,
TR,10,,,,,
TT,6,,,,,
TZ,1319,,,,,
UA,3,,,,,
UG,1725,,,,,
US,132,,,,,
UY,1,,,,,
VG,1,,,,,
VN,1,,,,,
YE,1,,,,,
ZA,2206,,,,,
ZM,6,,,,,
ZW,2187,,,,,
,,,,,,
# Start date: 20250801,,,,,,
# End date: 20250831,,,,,,
Country,Active users,,,,,
KE,8683,,,,,
NG,8325,,,,,
GH,5139,,,,,
ZA,2206,,,,,
ZW,2187,,,,,
SN,1959,,,,,
UG,1725,,,,,
,,,,,,
#,,,,,,
# Start date: 20250801,,,,,,
# End date: 20250831,,,,,,
Device model,Active users,,,,,
SM-A055F,1813,,,,,
SM-A065F,668,,,,,
SM-A032F,650,,,,,
2409BRN2CA,547,,,,,
BF6,504,,,,,
KL4,480,,,,,
X6525,416,,,,,
SM-A042F,396,,,,,
KJ5,378,,,,,
BG6m,365,,,,,
BG6,348,,,,,
SM-A155F,336,,,,,
KL5,324,,,,,
KI5k,314,,,,,
SM-A057F,305,,,,,
SM-A165F,303,,,,,
A665L,296,,,,,
X6516,267,,,,,
X6528,262,,,,,
24048RN6CG,235,,,,,
SM-A145F,228,,,,,
X20,219,,,,,
23106RN0DA,208,,,,,
SM-X115,196,,,,,
X6532C,193,,,,,
SM-A135F,188,,,,,
X6525D,182,,,,,
SM-A127F,170,,,,,
C22,163,,,,,
23129RN51X,161,,,,,
KG5j,155,,,,,
X669,152,,,,,
A669L,148,,,,,
SM-A047F,146,,,,,
25028RN03A,145,,,,,
BF7,145,,,,,
V2332,140,,,,,
C32,137,,,,,
Neon Ray Ultra,129,,,,,
SM-A125F,126,,,,,
BG6i,124,,,,,
A667L,122,,,,,
KC8,112,,,,,
SM-T295,108,,,,,
CI6,104,,,,,
SM-T225N,102,,,,,
RMX3834,100,,,,,
CPH2641,97,,,,,
CK6,95,,,,,
X6531B,94,,,,,
CG6,93,,,,,
JKM-LX1,93,,,,,
SM-A022F,90,,,,,
KI7,86,,,,,
SM-A235F,85,,,,,
S665L,84,,,,,
X6531,84,,,,,
CPH2591,82,,,,,
A662LM,81,,,,,
X6532,79,,,,,
M2006C3LG,78,,,,,
Z2453,77,,,,,
KD7,76,,,,,
SM-A035F,76,,,,,
STK-L21,76,,,,,
X650B,75,,,,,
SM-A107F,74,,,,,
2409BRN2CG,73,,,,,
A671L,73,,,,,
SM-A225F,73,,,,,
KE5,72,,,,,
A663L,71,,,,,
CPH2471,71,,,,,
X657C,70,,,,,
X6517,69,,,,,
KF6i,68,,,,,
X688B,68,,,,,
A512W,65,,,,,
A662L,65,,,,,
KF7j,65,,,,,
SM-A217F,64,,,,,
SM-A325F,64,,,,,
SM-A045F,63,,,,,
SM-A105F,63,,,,,
23028RNCAG,61,,,,,
SM-A037F,60,,,,,
SM-A245F,60,,,,,
S663L,59,,,,,
P662L,58,,,,,
DUB-LX1,56,,,,,
SM-X205,56,,,,,
SM-X216B,56,,,,,
X6725,56,,,,,
22120RN86G,55,,,,,
CPH1923,54,,,,,
V651W,54,,,,,
C31,52,,,,,
CC7,51,,,,,
K15q,50,,,,,
KH6,50,,,,,
X6511B,50,,,,,
X665,50,,,,,
X657B,48,,,,,
A666L,47,,,,,
X682B,47,,,,,
X683,47,,,,,
23129RAA4G,46,,,,,
KG5p,46,,,,,
SM-A515F,46,,,,,
SM-A115F,45,,,,,
Neon Ray Ultra M,44,,,,,
RMX3690,44,,,,,
SM-A025F,44,,,,,
W6004,44,,,,,
GFY-LX2,43,,,,,
M2006C3MG,42,,,,,
X6716B,41,,,,,
X6816,41,,,,,
23053RN02A,40,,,,,
KG5k,40,,,,,
220733SFG,39,,,,,
G21,39,,,,,
LE6,39,,,,,
TA-1357,39,,,,,
KG6,38,,,,,
SM-A256E,38,,,,,
iPhone XR,38,,,,,
WDY-LX2,37,,,,,
CD7,36,,,,,
CPH2185,36,,,,,
Moto E13,36,,,,,
PR652B,36,,,,,
Neon Ray Pro,35,,,,,
SM-A137F,35,,,,,
X6835B,35,,,,,
220333QAG,34,,,,,
CPH2015,34,,,,,
CPH2579,34,,,,,
BC2c,33,,,,,
CPH1803,33,,,,,
SM-A145R,33,,,,,
SM-X210,33,,,,,
X693,33,,,,,
220233L2G,32,,,,,
23028RN4DG,32,,,,,
CL6K,32,,,,,
Moto E14,32,,,,,
SM-A205F,32,,,,,
SM-A315F,32,,,,,
V2430,32,,,,,
X665B,32,,,,,
X665C,32,,,,,
23021RAAEG,31,,,,,
C21 Plus,31,,,,,
CM5,31,,,,,
CM6,31,,,,,
SM-A336E,31,,,,,
SM-G960U,31,,,,,
SM-T227U,31,,,,,
W6004P,31,,,,,
X689C,31,,,,,
AMN-LX9,30,,,,,
CH6,30,,,,,
KYT33,30,,,,,
MAR-LX1A,30,,,,,
SM-A057G,30,,,,,
SM-A307FN,30,,,,,
V2310,30,,,,,
X655C,30,,,,,
iPhone 11,30,,,,,
KG7h,29,,,,,
LDN-L21,29,,,,,
SM-A715F,29,,,,,
T1002,29,,,,,
24117RN76G,28,,,,,
CL6k,28,,,,,
SM-A013G,28,,,,,
SM-A356E,28,,,,,
STK-L22,28,,,,,
X6819,28,,,,,
CD6,27,,,,,
JAT-L29,27,,,,,
PR651H,27,,,,,
SM-A525F,27,,,,,
2015,26,,,,,
2201117TG,26,,,,,
A83,26,,,,,
CPH2239,26,,,,,
G10,26,,,,,
SM-E135F,26,,,,,
iPhone X,26,,,,,
A667LP,25,,,,,
CPH2477,25,,,,,
FLA-LX1,25,,,,,
SM-A305F,25,,,,,
SM-A505F,25,,,,,
SM-J410F,25,,,,,
SM-X110,25,,,,,
2404ARN45A,24,,,,,
BD4h,24,,,,,
KD7h,24,,,,,
SM-A3460,24,,,,,
SM-A556E,24,,,,,
SM-T220,24,,,,,
801LV,23,,,,,
CG7,23,,,,,
CPH2349,23,,,,,
CPH2577,23,,,,,
KD6,23,,,,,
P683L,23,,,,,
SM-A226B,23,,,,,
SM-N960U,23,,,,,
SM-T515,23,,,,,
X6880,23,,,,,
CK7n,22,,,,,
GFY-LX2P,22,,,,,
KFONWI,22,,,,,
Neon Smarta,22,,,,,
RMX3231,22,,,,,
SM-G950F,22,,,,,
SM-T505N,22,,,,,
iPhone 7,22,,,,,
BD4j,21,,,,,
CPH2083,21,,,,,
DRA-LX5,21,,,,,
P671L,21,,,,,
P673L,21,,,,,
SM-A725F,21,,,,,
SM-A736B,21,,,,,
SM-T585,21,,,,,
SM-X200,21,,,,,
U965,21,,,,,
X653,21,,,,,
X658E,21,,,,,
X680,21,,,,,
A632W,20,,,,,
BE6j,20,,,,,
BND-L21,20,,,,,
C10,20,,,,,
CD6j,20,,,,,
KJ6,20,,,,,
MAR-LX1M,20,,,,,
SM-G965F,20,,,,,
SM-M055F,20,,,,,
iPhone 7 Plus,20,,,,,
23073RPBFG,19,,,,,
CPH2565,19,,,,,
KC6,19,,,,,
KJ7,19,,,,,
SM-A260F,19,,,,,
SM-G950U,19,,,,,
SM-G965U,19,,,,,
SM-M135FU,19,,,,,
V2027,19,,,,,
V2120,19,,,,,
24076RP19G,18,,,,,
A509WM,18,,,,,
BE7,18,,,,,
BG7,18,,,,,
C1 2nd Edition,18,,,,,
CG6j,18,,,,,
CLA5,18,,,,,
CPH2385,18,,,,,
CPH2473,18,,,,,
CPH2669,18,,,,,
KH7,18,,,,,
KL6,18,,,,,
M10 Max,18,,,,,
NEON RAY 2,18,,,,,
S667LN,18,,,,,
SM-M145F,18,,,,,
SM-T580,18,,,,,
U964,18,,,,,
V2419,18,,,,,
X6853,18,,,,,
23117RA68G,17,,,,,
A663LC,17,,,,,
CPH1911,17,,,,,
E34,17,,,,,
SM-A207F,17,,,,,
SM-A546E,17,,,,,
SM-G975F,17,,,,,
SM-G975U,17,,,,,
SM-N960F,17,,,,,
SM-T510,17,,,,,
T10,17,,,,,
WOD-LX2,17,,,,,
iPhone 12,17,,,,,
iPhone 13,17,,,,,
ANE-LX1,16,,,,,
Blade A34,16,,,,,
CC6,16,,,,,
CC9,16,,,,,
CF7,16,,,,,
G20,16,,,,,
JDY-LX1,16,,,,,
M2101K6G,16,,,,,
P661W,16,,,,,
SM-A536E,16,,,,,
SM-G955U,16,,,,,
W6501,16,,,,,
X663,16,,,,,
iPhone,16,,,,,
23053RN02Y,15,,,,,
CPH2179,15,,,,,
CPH2387,15,,,,,
D,15,,,,,
DRA-LX9,15,,,,,
ELN-L09,15,,,,,
MRD-LX1F,15,,,,,
P651W,15,,,,,
PR651E,15,,,,,
Pixel 6 Pro,15,,,,,
RMX2185,15,,,,,
S681LN,15,,,,,
SM-A326B,15,,,,,
SM-T290,15,,,,,
V2352,15,,,,,
W7002,15,,,,,
X6817,15,,,,,
Z2450,15,,,,,
2.4,14,,,,,
220333QNY,14,,,,,
2409BRN2CY,14,,,,,
BLL-L21,14,,,,,
C12,14,,,,,
CPH1823,14,,,,,
CPH1909,14,,,,,
JDY-LX2,14,,,,,
Moto G24,14,,,,,
P10001L,14,,,,,
P17 Pro,14,,,,,
P665L,14,,,,,
RMX3930,14,,,,,
RNE-L21,14,,,,,
SM-A266B,14,,,,,
SM-G960U1,14,,,,,
SM-G991B,14,,,,,
SM-M045F,14,,,,,
V2111,14,,,,,
X650D,14,,,,,
21061119AG,13,,,,,
2312BPC51X,13,,,,,
ANE-LX2,13,,,,,
BD2P,13,,,,,
CE8,13,,,,,
CPH2631,13,,,,,
IX,13,,,,,
LD7,13,,,,,
M2010J19SG,13,,,,,
NDL-W09,13,,,,,
Pixel 6a,13,,,,,
SM-A146U,13,,,,,
SM-A346E,13,,,,,
SM-A528B,13,,,,,
SM-N950F,13,,,,,
SM-T377V,13,,,,,
T20,13,,,,,
U70 Pro,13,,,,,
X1101B,13,,,,,
X6831,13,,,,,
X697,13,,,,,
iPhone 13 Pro,13,,,,,
901KC,12,,,,,
ATU-L31,12,,,,,
BE8,12,,,,,
C2 2nd Edition,12,,,,,
C21,12,,,,,
CI8,12,,,,,
CPH1937,12,,,,,
CPH2121,12,,,,,
CPH2127,12,,,,,
CRT-NX1,12,,,,,
FLA-LX2,12,,,,,
JSN-L22,12,,,,,
KFRAWI,12,,,,,
LI6,12,,,,,
SLA-L22,12,,,,,
SM-A145P,12,,,,,
SM-A155M,12,,,,,
SM-A156E,12,,,,,
SM-A366B,12,,,,,
SM-G955F,12,,,,,
SM-J415F,12,,,,,
SM-M146B,12,,,,,
SM-N950U,12,,,,,
TAB10,12,,,,,
TB-X606F,12,,,,,
X656,12,,,,,
X678B,12,,,,,
X689F,12,,,,,
1.4,11,,,,,
B1g,11,,,,,
BD4a,11,,,,,
CPH1931,11,,,,,
CPH2217,11,,,,,
CPH2269,11,,,,,
INE-LX1,11,,,,,
KB7j,11,,,,,
KE5S,11,,,,,
MRD-LX1,11,,,,,
P666L,11,,,,,
POT-LX1,11,,,,,
Redmi Note 9 Pro,11,,,,,
SM-M135F,11,,,,,
SM-T225,11,,,,,
SM-T387V,11,,,,,
TB310FU,11,,,,,
V2254,11,,,,,
V2333,11,,,,,
X665E,11,,,,,
X6850,11,,,,,
220733SG,10,,,,,
23108RN04Y,10,,,,,
24116RACCG,10,,,,,
9137W,10,,,,,
A661W,10,,,,,
AGS-L09,10,,,,,
BD2,10,,,,,
C20,10,,,,,
CLA6,10,,,,,
CLK-LX2,10,,,,,
CPH1903,10,,,,,
CPH2325,10,,,,,
CPH2333,10,,,,,
E70 Pro,10,,,,,
E71,10,,,,,
LC6,10,,,,,
M10,10,,,,,
M2004J19C,10,,,,,
P681L,10,,,,,
SM-A105FN,10,,,,,
SM-A145M,10,,,,,
SM-A705FN,10,,,,,
SM-E055F,10,,,,,
SM-G780F,10,,,,,
SM-G935F,10,,,,,
SM-G973F,10,,,,,
SM-G988U,10,,,,,
SM-G991U,10,,,,,
SM-M356B,10,,,,,
SM-S918B,10,,,,,
SM-T307U,10,,,,,
SM-X710,10,,,,,
T433D,10,,,,,
TPC1013_EEA,10,,,,,
Tab 60,10,,,,,
U2,10,,,,,
V2026,10,,,,,
VNE-LX2,10,,,,,
VOG-L29,10,,,,,
X692,10,,,,,
iPhone 13 Pro Max,10,,,,,
iPhone 8,10,,,,,
iPhone XS Max,10,,,,,
21121119SG,9,,,,,
2209116AG,9,,,,,
2410FPCC5G,9,,,,,
A631W,9,,,,,
C01 Plus,9,,,,,
CPH2219,9,,,,,
FIG-LX1,9,,,,,
L6501,9,,,,,
LC6a,9,,,,,
M2003J15SC,9,,,,,
P682L,9,,,,,
P904,9,,,,,
POT-LX1T,9,,,,,
Pulse,9,,,,,
S686LN,9,,,,,
SM-A055M,9,,,,,
SM-A202F,9,,,,,
SM-A520F,9,,,,,
SM-G9350,9,,,,,
SM-G960F,9,,,,,
SM-G973U,9,,,,,
SM-M336BU,9,,,,,
SM-P615,9,,,,,
SM-T505,9,,,,,
TB310XU,9,,,,,
TB328FU,9,,,,,
TFY-LX2,9,,,,,
U71 Pro,9,,,,,
WOD-LX1,9,,,,,
X6511G,9,,,,,
iPad,9,,,,,
iPhone 11 Pro Max,9,,,,,
iPhone 12 Pro,9,,,,,
2.3,8,,,,,
23124RA7EO,8,,,,,
25028PC03G,8,,,,,
A507LS,8,,,,,
AH9910,8,,,,,
C1,8,,,,,
CE9,8,,,,,
CG8,8,,,,,
CPH2059,8,,,,,
CPH2135,8,,,,,
CPH2271,8,,,,,
CPH2363,8,,,,,
E60 Lite,8,,,,,
EML-L09,8,,,,,
F-04K,8,,,,,
KFTRWI,8,,,,,
LC7,8,,,,,
M25i,8,,,,,
Pulse Pro,8,,,,,
RMX3710,8,,,,,
SM-A346B,8,,,,,
SM-A505FN,8,,,,,
SM-A566B,8,,,,,
SM-E045F,8,,,,,
SM-G781V,8,,,,,
SM-G930F,8,,,,,
SM-G970U,8,,,,,
SM-G998U,8,,,,,
SM-M156B,8,,,,,
SM-N975F,8,,,,,
SM-N975U,8,,,,,
TB-X306X,8,,,,,
TB328XU,8,,,,,
TB330FU,8,,,,,
TSP,8,,,,,
U50,8,,,,,
V2109,8,,,,,
V2204,8,,,,,
V2207,8,,,,,
V2238,8,,,,,
W5505,8,,,,,
W6502,8,,,,,
X623,8,,,,,
X6836,8,,,,,
X688C,8,,,,,
iPhone 14,8,,,,,
iPhone 6s,8,,,,,
iPhone 8 Plus,8,,,,,
iPhone SE (2nd generation),8,,,,,
1726,7,,,,,
1820,7,,,,,
2201116TG,7,,,,,
3.4,7,,,,,
8050,7,,,,,
A509W,7,,,,,
A551L,7,,,,,
ARC,7,,,,,
ATU-L42,7,,,,,
CD8J,7,,,,,
CH7,7,,,,,
CH9,7,,,,,
CPH2159,7,,,,,
CPH2273,7,,,,,
Cosmo LTE,7,,,,,
K100,7,,,,,
KL7,7,,,,,
L5007,7,,,,,
LC8,7,,,,,
M2006C3LVG,7,,,,,
Pixel 7 Pro,7,,,,,
RB8S,7,,,,,
RMX2180,7,,,,,
RMX3830,7,,,,,
Redmi 6A,7,,,,,
SM-A025G,7,,,,,
SM-A325N,7,,,,,
SM-A536B,7,,,,,
SM-A716V,7,,,,,
SM-E156B,7,,,,,
SM-G985F,7,,,,,
SM-J600FN,7,,,,,
SM-M236L,7,,,,,
SM-N970U,7,,,,,
SM-S928B,7,,,,,
SM-T380,7,,,,,
SM-T555,7,,,,,
SM-T560NU,7,,,,,
STK-LX1,7,,,,,
T431U,7,,,,,
T509K,7,,,,,
TB-8505X,7,,,,,
TB-X505F,7,,,,,
V2205,7,,,,,
V2217,7,,,,,
V2342,7,,,,,
V2424,7,,,,,
W5005,7,,,,,
X652B,7,,,,,
X669D,7,,,,,
X6837,7,,,,,
X6882,7,,,,,
X690,7,,,,,
XT2421-2,7,,,,,
Z2359,7,,,,,
iPhone 6s Plus,7,,,,,
1815,6,,,,,
1902,6,,,,,
22011119UY,6,,,,,
22126RN91Y,6,,,,,
23021RAA2Y,6,,,,,
2311DRN14I,6,,,,,
24075RP89G,6,,,,,
5.4,6,,,,,
602KC,6,,,,,
A571W,6,,,,,
A73,6,,,,,
AC8,6,,,,,
Aura,6,,,,,
BC3,6,,,,,
Blade A31 Plus,6,,,,,
CA8,6,,,,,
CF7k,6,,,,,
CG8h,6,,,,,
CK8n,6,,,,,
CPH2197,6,,,,,
CPH2375,6,,,,,
CPH2481,6,,,,,
G11 Plus,6,,,,,
G22,6,,,,,
Infinity 9,6,,,,,
Infinity Alpha,6,,,,,
JSN-L21,6,,,,,
K10,6,,,,,
KD6a,6,,,,,
KFTUWI,6,,,,,
M2006C3LI,6,,,,,
M7 Power,6,,,,,
MLA-L11,6,,,,,
Moto G14,6,,,,,
P5,6,,,,,
P663L,6,,,,,
POT-LX1AF,6,,,,,
PRA-LA1,6,,,,,
RMX3511,6,,,,,
RMX3933,6,,,,,
Redmi Note 8 Pro,6,,,,,
S661W,6,,,,,
SE2,6,,,,,
SM-A022G,6,,,,,
SM-A136B,6,,,,,
SM-A146P,6,,,,,
SM-A156U,6,,,,,
SM-A315G,6,,,,,
SM-A315N,6,,,,,
SM-A336B,6,,,,,
SM-A600FN,6,,,,,
SM-F936B,6,,,,,
SM-G390F,6,,,,,
SM-G781U1,6,,,,,
SM-G920F,6,,,,,
SM-G9550,6,,,,,
SM-G970F,6,,,,,
SM-G988B,6,,,,,
SM-J400F,6,,,,,
SM-J415FN,6,,,,,
SM-J610F,6,,,,,
SM-M115F,6,,,,,
SM-N960N,6,,,,,
SM-P619,6,,,,,
SM-S711B,6,,,,,
SM-S938B,6,,,,,
T100,6,,,,,
T10M,6,,,,,
TB-X306F,6,,,,,
U40,6,,,,,
U60,6,,,,,
W5001P,6,,,,,
W5002,6,,,,,
X627,6,,,,,
X652,6,,,,,
X6526,6,,,,,
X655,6,,,,,
X695,6,,,,,
iPhone 11 Pro,6,,,,,
iPhone 15 Pro Max,6,,,,,
moto e20,6,,,,,
moto g pure,6,,,,,
moto g13,6,,,,,
1807,5,,,,,
21051182G,5,,,,,
7.2,5,,,,,
9032Z,5,,,,,
AB7,5,,,,,
AGS-L09 Mediapad T5,5,,,,,
ALT-NX1,5,,,,,
BKK-LX2,5,,,,,
BRP-NX1,5,,,,,
C2,5,,,,,
CLT-L29,5,,,,,
CP10,5,,,,,
CPH1723,5,,,,,
CPH1819,5,,,,,
DRA-L21,5,,,,,
Delta 14,5,,,,,
E31 Lite,5,,,,,
E70,5,,,,,
EML-L29,5,,,,,
F-41B,5,,,,,
F9,5,,,,,
G53,5,,,,,
Hope10 Pro,5,,,,,
Infinity 13,5,,,,,
JR-J10A,5,,,,,
KF6j,5,,,,,
KI8,5,,,,,
KOB-L09,5,,,,,
L6502,5,,,,,
LE7,5,,,,,
LLD-AL10,5,,,,,
M2006C3MNG,5,,,,,
M5,5,,,,,
P30,5,,,,,
P551W,5,,,,,
Pixel 4a,5,,,,,
Pixel 5,5,,,,,
RBN-NX1,5,,,,,
RMO-NX1,5,,,,,
RMX2189,5,,,,,
RMX3760,5,,,,,
RMX3939,5,,,,,
Redmi Note 8T,5,,,,,
SC-02M,5,,,,,
SC-54A,5,,,,,
SH-01K,5,,,,,
SM-A146U1,5,,,,,
SM-A166B,5,,,,,
SM-A405FN,5,,,,,
SM-A415F,5,,,,,
SM-A426U,5,,,,,
SM-A530F,5,,,,,
SM-A730F,5,,,,,
SM-G398FN,5,,,,,
SM-G973U1,5,,,,,
SM-G975U1,5,,,,,
SM-G977N,5,,,,,
SM-G986U,5,,,,,
SM-G998B,5,,,,,
SM-M336K,5,,,,,
SM-M346B,5,,,,,
SM-N960U1,5,,,,,
SM-N986U,5,,,,,
SM-S908U,5,,,,,
SM-T350,5,,,,,
SM-T713,5,,,,,
SmartPad A10 L,5,,,,,
T431Q,5,,,,,
TAB8,5,,,,,
TB-8505F,5,,,,,
TRT-L21A,5,,,,,
VNE-LX1,5,,,,,
WDY-LX1,5,,,,,
X603,5,,,,,
X604,5,,,,,
X626,5,,,,,
X6525B,5,,,,,
X652A,5,,,,,
X70-202,5,,,,,
Z3,5,,,,,
iPhone 12 Pro Max,5,,,,,
iPhone 14 Pro,5,,,,,
iPhone XS,5,,,,,
100110603,4,,,,,
2109119DG,4,,,,,
3.1,4,,,,,
6102H,4,,,,,
701LV,4,,,,,
8030,4,,,,,
A101LV,4,,,,,
A661WP,4,,,,,
Blade A31,4,,,,,
CE7j,4,,,,,
CI7n,4,,,,,
CK9n,4,,,,,
CPH1989,4,,,,,
CPH2061,4,,,,,
CPH2321,4,,,,,
CPH2483,4,,,,,
CPH2505,4,,,,,
CPH2531,4,,,,,
CPH2625,4,,,,,
CPH2701,4,,,,,
CPH2711,4,,,,,
E33,4,,,,,
G50,4,,,,,
Hope10 Plus,4,,,,,
IX PRO,4,,,,,
JDN2-L09,4,,,,,
KE5k,4,,,,,
KFMAWI,4,,,,,
KG5h,4,,,,,
L10,4,,,,,
L6503,4,,,,,
LA7,4,,,,,
LB7,4,,,,,
LB8a,4,,,,,
M2101K7BG,4,,,,,
M2103K19C,4,,,,,
MAR-LX2,4,,,,,
Moto G 5G 2024,4,,,,,
Moto G22,4,,,,,
Moto G7 Power,4,,,,,
Moto G9 Play,4,,,,,
Nola fun,4,,,,,
P681LM,4,,,,,
PBAM00,4,,,,,
PRA-LX1,4,,,,,
Pixel 3,4,,,,,
Pixel 3 XL,4,,,,,
Pixel 6,4,,,,,
RMX2103,4,,,,,
RMX3263,4,,,,,
Redmi 6,4,,,,,
Redmi Note 5,4,,,,,
SCG16,4,,,,,
SM-A037G,4,,,,,
SM-A037U1,4,,,,,
SM-A166U1,4,,,,,
SM-A235M,4,,,,,
SM-A356B,4,,,,,
SM-A426U1,4,,,,,
SM-A515U,4,,,,,
SM-A605F,4,,,,,
SM-A716U,4,,,,,
SM-A750FN,4,,,,,
SM-E426S,4,,,,,
SM-F926U,4,,,,,
SM-G925,4,,,,,
SM-G930V,4,,,,,
SM-G950U1,4,,,,,
SM-G960W,4,,,,,
SM-G970U1,4,,,,,
SM-G996U,4,,,,,
SM-M025F,4,,,,,
SM-M127G,4,,,,,
SM-N981U,4,,,,,
SM-P585,4,,,,,
SM-S908B,4,,,,,
SM-T815,4,,,,,
SM-T819,4,,,,,
SM-T830,4,,,,,
SM-X510,4,,,,,
TB-7305X,4,,,,,
TB-X304F,4,,,,,
TB-X606X,4,,,,,
U10,4,,,,,
V2029,4,,,,,
V2236,4,,,,,
V6751L,4,,,,,
W6001,4,,,,,
W6503,4,,,,,
Wildfire E6,4,,,,,
X10,4,,,,,
X605,4,,,,,
X6823,4,,,,,
X687,4,,,,,
X690B,4,,,,,
X95,4,,,,,
Z4,4,,,,,
iPad 6th gen,4,,,,,
iPad Air (5th gen),4,,,,,
iPhone 15,4,,,,,
iPhone 15 Pro,4,,,,,
moto g04s,4,,,,,
100135794,3,,,,,
21091116C,3,,,,,
2201117SG,3,,,,,
2201117TY,3,,,,,
220233L2C,3,,,,,
22101316G,3,,,,,
23124RN87C,3,,,,,
24117RN76E,3,,,,,
5007U,3,,,,,
702SH,3,,,,,
8196G,3,,,,,
9013T,3,,,,,
901SH,3,,,,,
9027Q,3,,,,,
A001SH,3,,,,,
A001XM,3,,,,,
A10,3,,,,,
A16 Plus,3,,,,,
A23S,3,,,,,
A671LC,3,,,,,
A7030,3,,,,,
A83t,3,,,,,
AGS-W09,3,,,,,
ALI-NX1,3,,,,,
ALT-LX2,3,,,,,
AZIMUT 4,3,,,,,
BB4,3,,,,,
BC1s,3,,,,,
BD1,3,,,,,
BE2029,3,,,,,
BTAB10,3,,,,,
BTV-DL09,3,,,,,
BUZZ 3 Lite,3,,,,,
Blade A54,3,,,,,
C107,3,,,,,
CF8,3,,,,,
CMA-LX2,3,,,,,
CPH1969,3,,,,,
CPH2113,3,,,,,
CPH2211,3,,,,,
CPH2251,3,,,,,
CPH2461,3,,,,,
CPH2469,3,,,,,
CPH2699,3,,,,,
CPN-L09,3,,,,,
DRA-LX2,3,,,,,
DVK82,3,,,,,
E60,3,,,,,
ELN-W09,3,,,,,
F6,3,,,,,
HiPad X,3,,,,,
IPLAY 50,3,,,,,
Infinity E30 Lite,3,,,,,
JMM-AL00,3,,,,,
K107,3,,,,,
K12,3,,,,,
K9,3,,,,,
KB8,3,,,,,
KFMUWI,3,,,,,
KFRAPWI,3,,,,,
KT1016,3,,,,,
L5006S,3,,,,,
L5503S,3,,,,,
L6006F,3,,,,,
L6006L,3,,,,,
LG-K332,3,,,,,
LLD-L21,3,,,,,
LLD-L31,3,,,,,
LLY-NX1,3,,,,,
LM-X625N,3,,,,,
Legend Pro LTE,3,,,,,
M2006C3MII,3,,,,,
M2102J20SG,3,,,,,
M30,3,,,,,
MI PLAY,3,,,,,
Mi 5X,3,,,,,
Moto E7i Power,3,,,,,
Moto G (4),3,,,,,
Moto G Power (2022),3,,,,,
Moto G Stylus 5G,3,,,,,
Moto G05,3,,,,,
Moto G35 5G,3,,,,,
Moto G7 Plus,3,,,,,
Moto g(7),3,,,,,
NEON RAY,3,,,,,
NXT-L29,3,,,,,
Note 16 Pro,3,,,,,
Note 6,3,,,,,
P12,3,,,,,
P552W,3,,,,,
P661N,3,,,,,
PCKM80,3,,,,,
Pixel 2 XL,3,,,,,
Pixel 3a,3,,,,,
Pixel 8a,3,,,,,
RKY-LX1,3,,,,,
RKY-LX2,3,,,,,
RMX3201,3,,,,,
RMX3627,3,,,,,
RMX3890,3,,,,,
Redmi 5A,3,,,,,
Redmi 6 Pro,3,,,,,
Redmi Note 4,3,,,,,
Redmi Note 7,3,,,,,
Redmi Note 8,3,,,,,
S10,3,,,,,
S30,3,,,,,
S57,3,,,,,
S662L,3,,,,,
SKY PAD10 Max,3,,,,,
SM-A013M,3,,,,,
SM-A025V,3,,,,,
SM-A032M,3,,,,,
SM-A035G,3,,,,,
SM-A037U,3,,,,,
SM-A105G,3,,,,,
SM-A107M,3,,,,,
SM-A115A,3,,,,,
SM-A135U,3,,,,,
SM-A136U,3,,,,,
SM-A136U1,3,,,,,
SM-A166E,3,,,,,
SM-A166P,3,,,,,
SM-A205U,3,,,,,
SM-A217M,3,,,,,
SM-A256B,3,,,,,
SM-A326K,3,,,,,
SM-A426N,3,,,,,
SM-A510F,3,,,,,
SM-A516N,3,,,,,
SM-A526B,3,,,,,
SM-A556B,3,,,,,
SM-A716U1,3,,,,,
SM-A750F,3,,,,,
SM-A826S,3,,,,,
SM-A920F,3,,,,,
SM-E146B,3,,,,,
SM-E166P,3,,,,,
SM-F926B,3,,,,,
SM-F926U1,3,,,,,
SM-G570F,3,,,,,
SM-G610F,3,,,,,
SM-G715U1,3,,,,,
SM-G781B,3,,,,,
SM-G781U,3,,,,,
SM-G955U1,3,,,,,
SM-G977B,3,,,,,
SM-G981V,3,,,,,
SM-G986U1,3,,,,,
SM-G988U1,3,,,,,
SM-G990E,3,,,,,
SM-G991U1,3,,,,,
SM-G996B,3,,,,,
SM-J260F,3,,,,,
SM-J327T1,3,,,,,
SM-J510FN,3,,,,,
SM-M315F,3,,,,,
SM-M325F,3,,,,,
SM-M326B,3,,,,,
SM-N970F,3,,,,,
SM-N975U1,3,,,,,
SM-N986B,3,,,,,
SM-P610,3,,,,,
SM-P613,3,,,,,
SM-P620,3,,,,,
SM-S901U,3,,,,,
SM-S908U1,3,,,,,
SM-T355Y,3,,,,,
SM-T377W,3,,,,,
SM-T500,3,,,,,
SM-T550,3,,,,,
SM-T725,3,,,,,
SM-T727,3,,,,,
SM-T810,3,,,,,
SM-T817V,3,,,,,
SM-X700,3,,,,,
T10M Pro,3,,,,,
T21,3,,,,,
T431D,3,,,,,
T506D,3,,,,,
T610K,3,,,,,
T611B,3,,,,,
T702,3,,,,,
T702 Pro,3,,,,,
T8,3,,,,,
TB128XU,3,,,,,
TB330XU,3,,,,,
TB350XU,3,,,,,
Tab 16 Pro,3,,,,,
Tab 80,3,,,,,
V2110,3,,,,,
V2201,3,,,,,
V2247,3,,,,,
V2249,3,,,,,
VOG-L09,3,,,,,
Vivo PLUS,3,,,,,
W-K211-TVM,3,,,,,
WAS-LX1A,3,,,,,
WAS-LX2,3,,,,,
X6,3,,,,,
X6515,3,,,,,
X660C,3,,,,,
X669C,3,,,,,
X672,3,,,,,
X6811,3,,,,,
X6821,3,,,,,
X6855,3,,,,,
X85,3,,,,,
XT-2343-1,3,,,,,
Y8,3,,,,,
Z2350,3,,,,,
Z5,3,,,,,
iPad (9th gen),3,,,,,
iPad Air 2,3,,,,,
iPad Pro (12.9-inch) (5th generation),3,,,,,
iPhone 12 mini,3,,,,,
iPhone 14 Pro Max,3,,,,,
moto e(7) power,3,,,,,
moto g play (2023),3,,,,,
moto g stylus 5G - 2023,3,,,,,
moto g(30),3,,,,,
100071481,2,,,,,
100071481A,2,,,,,
100135920,2,,,,,
100135924,2,,,,,
100135925,2,,,,,
1904,2,,,,,
1938,2,,,,,
21091116AC,2,,,,,
220233L2I,2,,,,,
220333QPG,2,,,,,
22071219CG,2,,,,,
22101317C,2,,,,,
2303CRA44A,2,,,,,
23043RP34G,2,,,,,
23077RABDC,2,,,,,
23100RN82L,2,,,,,
23124RN87G,2,,,,,
2312DRA50G,2,,,,,
2405CRPFDG,2,,,,,
24115RA8EG,2,,,,,
25028RN03Y,2,,,,,
4.2,2,,,,,
5.1 Plus,2,,,,,
5005R,2,,,,,
5029Y EEA,2,,,,,
5031G,2,,,,,
5033G,2,,,,,
6.1,2,,,,,
7060,2,,,,,
7160N,2,,,,,
801FJ,2,,,,,
8045,2,,,,,
8496G,2,,,,,
9029Z,2,,,,,
9160G,2,,,,,
9309X_EEA,2,,,,,
A09,2,,,,,
A14,2,,,,,
A200,2,,,,,
A202ZT,2,,,,,
A302ZT,2,,,,,
A5000,2,,,,,
A6010,2,,,,,
A7,2,,,,,
A7S,2,,,,,
AD8,2,,,,,
AGM3-W09HN,2,,,,,
AMN-LX2,2,,,,,
ARS-L22,2,,,,,
BAH-W09,2,,,,,
BAH2-L09,2,,,,,
BE2013,2,,,,,
BLA-L29,2,,,,,
BV5500Pro,2,,,,,
Blade A33s,2,,,,,
Blade A51,2,,,,,
Blink,2,,,,,
C30,2,,,,,
C5,2,,,,,
CA7,2,,,,,
CE7J,2,,,,,
CH7n,2,,,,,
CI8n,2,,,,,
CK6n,2,,,,,
CL9,2,,,,,
CPH1725,2,,,,,
CPH1729,2,,,,,
CPH1801,2,,,,,
CPH1835,2,,,,,
CPH1933,2,,,,,
CPH2001,2,,,,,
CPH2009,2,,,,,
CPH2067,2,,,,,
CPH2095,2,,,,,
CPH2145,2,,,,,
CPH2161,2,,,,,
CPH2195,2,,,,,
CPH2339,2,,,,,
CPH2343,2,,,,,
CPH2357,2,,,,,
CPH2421,2,,,,,
CPH2525,2,,,,,
CPH2599,2,,,,,
CRT-LX2,2,,,,,
DLI-L42,2,,,,,
E50 Lite,2,,,,,
EC211001,2,,,,,
ELE-L29,2,,,,,
EPIC PRO_1,2,,,,,
EVA-L19,2,,,,,
Elite T8Plus,2,,,,,
F 3G,2,,,,,
F-02L,2,,,,,
F-52A,2,,,,,
F101,2,,,,,
F50,2,,,,,
FIG-LA1,2,,,,,
G33,2,,,,,
G34,2,,,,,
G42 5G,2,,,,,
GN2200,2,,,,,
H5,2,,,,,
HD1907,2,,,,,
HD65 Ultra,2,,,,,
HRY-LX1,2,,,,,
INKOSI PRO,2,,,,,
Infinity 8s,2,,,,,
Infinity X,2,,,,,
J24,2,,,,,
JMM-AL10,2,,,,,
Joy,2,,,,,
K87CA,2,,,,,
KE5j,2,,,,,
KE6,2,,,,,
KFQUWI,2,,,,,
KYV43,2,,,,,
KYV46,2,,,,,
KYV47,2,,,,,
L5002P,2,,,,,
L6002P,2,,,,,
LA7 Pro,2,,,,,
LEGEND MAX,2,,,,,
LM-F100,2,,,,,
LM-G900,2,,,,,
LM-G900N,2,,,,,
LM-K420,2,,,,,
LM-Q610.FGN,2,,,,,
LM-X420,2,,,,,
LND-L29,2,,,,,
LYA-AL00,2,,,,,
LYA-L09,2,,,,,
LYA-L29,2,,,,,
M10_C03,2,,,,,
M20,2,,,,,
M2004J7AC,2,,,,,
M2007J17G,2,,,,,
M2007J22G,2,,,,,
M2010J19CG,2,,,,,
M2010J19SI,2,,,,,
M2010J19SY,2,,,,,
M2101K6I,2,,,,,
M2101K7BNY,2,,,,,
M40,2,,,,,
M8L 2022,2,,,,,
MRD-LX3,2,,,,,
MT11i,2,,,,,
MX-A10R,2,,,,,
Mi 5,2,,,,,
Mi A2,2,,,,,
Moto E15,2,,,,,
Moto E32,2,,,,,
Moto G (5) Plus,2,,,,,
Moto G Play (2024),2,,,,,
Moto G Power (2021),2,,,,,
Moto G Stylus,2,,,,,
Moto G Stylus (2022),2,,,,,
Moto G32,2,,,,,
Moto G6 Play,2,,,,,
Note 15,2,,,,,
OPD2102A,2,,,,,
OPG02,2,,,,,
One 5G UW Ace,2,,,,,
P10,2,,,,,
P11,2,,,,,
P15 Pro,2,,,,,
P6,2,,,,,
P7,2,,,,,
P704a,2,,,,,
P8,2,,,,,
PBFM00,2,,,,,
PDVM00,2,,,,,
PHJ110,2,,,,,
Phone,2,,,,,
Pixel 3a XL,2,,,,,
Pixel 5a,2,,,,,
Power 5,2,,,,,
REA-NX9,2,,,,,
RMX2001,2,,,,,
RMX3261,2,,,,,
RMX3269,2,,,,,
RMX3910,2,,,,,
RMX3938,2,,,,,
Razr 40s,2,,,,,
Redmi 4X,2,,,,,
Redmi 8A,2,,,,,
Redmi 8A Dual,2,,,,,
Redmi Note 5A,2,,,,,
Redmi Note 9S,2,,,,,
S10 Lite,2,,,,,
S20,2,,,,,
S666LN,2,,,,,
SCG09,2,,,,,
SCV38,2,,,,,
SCV40,2,,,,,
SH-01L,2,,,,,
SH-02M,2,,,,,
SM-A022M,2,,,,,
SM-A042M,2,,,,,
SM-A065M,2,,,,,
SM-A102U,2,,,,,
SM-A102U1,2,,,,,
SM-A105M,2,,,,,
SM-A125N,2,,,,,
SM-A125U,2,,,,,
SM-A125U1,2,,,,,
SM-A135M,2,,,,,
SM-A156B,2,,,,,
SM-A156U1,2,,,,,
SM-A207M,2,,,,,
SM-A215U,2,,,,,
SM-A225M,2,,,,,
SM-A226L,2,,,,,
SM-A235N,2,,,,,
SM-A245N,2,,,,,
SM-A260G,2,,,,,
SM-A310F,2,,,,,
SM-A336N,2,,,,,
SM-A366U1,2,,,,,
SM-A426B,2,,,,,
SM-A505U,2,,,,,
SM-A515U1,2,,,,,
SM-A526U1,2,,,,,
SM-A536U,2,,,,,
SM-A536W,2,,,,,
SM-A566E,2,,,,,
SM-A605K,2,,,,,
SM-A716S,2,,,,,
SM-A805F,2,,,,,
SM-A9200,2,,,,,
SM-E236B,2,,,,,
SM-F711N,2,,,,,
SM-F721B,2,,,,,
SM-F916B,2,,,,,
SM-F926N,2,,,,,
SM-F936U1,2,,,,,
SM-G525F,2,,,,,
SM-G556B,2,,,,,
SM-G611F,2,,,,,
SM-G715FU1,2,,,,,
SM-G770F,2,,,,,
SM-G925F,2,,,,,
SM-G925S,2,,,,,
SM-G925T,2,,,,,
SM-G928T,2,,,,,
SM-G930A,2,,,,,
SM-G930U,2,,,,,
SM-G935A,2,,,,,
SM-G9500,2,,,,,
SM-G9600,2,,,,,
SM-G9650,2,,,,,
SM-G965U1,2,,,,,
SM-G970N,2,,,,,
SM-G980F,2,,,,,
SM-G981U,2,,,,,
SM-G986N,2,,,,,
SM-G990B2,2,,,,,
SM-G990U2,2,,,,,
SM-G991W,2,,,,,
SM-G996N,2,,,,,
SM-G998U1,2,,,,,
SM-J330FN,2,,,,,
SM-J415N,2,,,,,
SM-J610FN,2,,,,,
SM-J737P,2,,,,,
SM-J810F,2,,,,,
SM-M022F,2,,,,,
SM-M066B,2,,,,,
SM-M127F,2,,,,,
SM-M166P,2,,,,,
SM-M515F,2,,,,,
SM-N770F,2,,,,,
SM-N950U1,2,,,,,
SM-N976B,2,,,,,
SM-N976N,2,,,,,
SM-N976V,2,,,,,
SM-N981B,2,,,,,
SM-N981N,2,,,,,
SM-N986U1,2,,,,,
SM-P585N0,2,,,,,
SM-S135DL,2,,,,,
SM-S146VL,2,,,,,
SM-S721B,2,,,,,
SM-S901B,2,,,,,
SM-S901E,2,,,,,
SM-S901N,2,,,,,
SM-S9080,2,,,,,
SM-S916B,2,,,,,
SM-S918U1,2,,,,,
SM-T377P,2,,,,,
SM-T385K,2,,,,,
SM-T385L,2,,,,,
SM-T387T,2,,,,,
SM-T575,2,,,,,
SM-T590,2,,,,,
SM-T595,2,,,,,
SM-T710,2,,,,,
SM-T736B,2,,,,,
SM-T813,2,,,,,
SM-T835,2,,,,,
SM-T875,2,,,,,
SM-X218U,2,,,,,
SM-X516B,2,,,,,
SNE-LX1,2,,,,,
SO-01L,2,,,,,
SOV36,2,,,,,
SOV43,2,,,,,
T10S,2,,,,,
T507D,2,,,,,
TB-7306X,2,,,,,
TB-J606F,2,,,,,
TB-J616F,2,,,,,
TB-X104F,2,,,,,
TB-X505X,2,,,,,
TB-X704L,2,,,,,
TB300XU,2,,,,,
TMAF025G,2,,,,,
TMAF035G,2,,,,,
TMRV065G,2,,,,,
TPC1013,2,,,,,
TRT-LX2,2,,,,,
Tab 12,2,,,,,
Tab 50 Kids,2,,,,,
Tab 60 Pro,2,,,,,
U10 Pro,2,,,,,
U50 Lite,2,,,,,
V1818CA,2,,,,,
V1901A,2,,,,,
V2053,2,,,,,
V2058,2,,,,,
V2061,2,,,,,
V2118,2,,,,,
V2206,2,,,,,
V2231,2,,,,,
V2348,2,,,,,
VNS-L31,2,,,,,
VOG-AL10,2,,,,,
VTR-L29,2,,,,,
VX20 PRO,2,,,,,
Vibe,2,,,,,
W-K211-TH,2,,,,,
W-K380-TVM2G,2,,,,,
W-V730-EEA,2,,,,,
W5504,2,,,,,
W6003,2,,,,,
X3,2,,,,,
X5515,2,,,,,
X5516B,2,,,,,
X625B,2,,,,,
X6511E,2,,,,,
X6528B,2,,,,,
X652C,2,,,,,
X653C,2,,,,,
X660B,2,,,,,
X670,2,,,,,
X671B,2,,,,,
X6816C,2,,,,,
X6823C,2,,,,,
X6833B,2,,,,,
X6858,2,,,,,
X96,2,,,,,
X97,2,,,,,
XIG03,2,,,,,
XQ-AD52,2,,,,,
Y101P,2,,,,,
Y85,2,,,,,
Y85A,2,,,,,
YAL-L21,2,,,,,
ZTAB10,2,,,,,
i80,2,,,,,
iPad Air (4th gen),2,,,,,
iPad Pro (11-inch) (2nd generation),2,,,,,
iPad mini (6th generation),2,,,,,
iPhone SE,2,,,,,
moto g 5G - 2023,2,,,,,
100011886,1,,,,,
100015685-E,1,,,,,
100044018G,1,,,,,
100044018P,1,,,,,
100092980,1,,,,,
1719,1,,,,,
1802,1,,,,,
1907,1,,,,,
1908,1,,,,,
21051182C,1,,,,,
21061110AG,1,,,,,
21061119DG,1,,,,,
2107113SG,1,,,,,
21081111RG,1,,,,,
21091116AG,1,,,,,
21091116AI,1,,,,,
21091116UC,1,,,,,
21091116UG,1,,,,,
21121119SC,1,,,,,
2201116SG,1,,,,,
2201116SI,1,,,,,
22011211RC,1,,,,,
2201123G,1,,,,,
22031116BG,1,,,,,
220333QBI,1,,,,,
22041219C,1,,,,,
22041219G,1,,,,,
22041219I,1,,,,,
22061218C,1,,,,,
22071212AG,1,,,,,
22081283G,1,,,,,
22095RA98C,1,,,,,
22111317G,1,,,,,
22120RN86I,1,,,,,
2212ARNC4L,1,,,,,
23026RN54G,1,,,,,
23028RA60L,1,,,,,
2305003M,1,,,,,
23053RN02I,1,,,,,
23073RPBFC,1,,,,,
23076RA4BC,1,,,,,
23076RN4BI,1,,,,,
23076RN8DY,1,,,,,
23090RA98C,1,,,,,
23090RA98G,1,,,,,
23090RA98I,1,,,,,
2310FPCA4G,1,,,,,
23113RKC6C,1,,,,,
2311DRK48G,1,,,,,
2311FRAFDC,1,,,,,
2312BPC51H,1,,,,,
2312CRAD3C,1,,,,,
2312FPCA6G,1,,,,,
24048RN6CI,1,,,,,
2405CRPFDC,1,,,,,
2406APNFAG,1,,,,,
24094RAD4G,1,,,,,
2409BRN2CL,1,,,,,
3.1 Plus,1,,,,,
4087U,1,,,,,
4188C,1,,,,,
4188R,1,,,,,
5.3,1,,,,,
5002H_EEA,1,,,,,
5029D,1,,,,,
5030D EEA,1,,,,,
5033EP,1,,,,,
5033F,1,,,,,
5033X_EEA,1,,,,,
5048Y_EEA,1,,,,,
5062W,1,,,,,
5164D,1,,,,,
6.2,1,,,,,
6002D,1,,,,,
602SO,1,,,,,
603SH,1,,,,,
6102D,1,,,,,
6127I,1,,,,,
6165H,1,,,,,
6165S,1,,,,,
6800Pro,1,,,,,
7 Plus,1,,,,,
801SH,1,,,,,
808SH,1,,,,,
8094X,1,,,,,
8100,1,,,,,
9013A,1,,,,,
901ZT,1,,,,,
9029W,1,,,,,
9032W,1,,,,,
9032X,1,,,,,
9032X_EEA,1,,,,,
9081X,1,,,,,
9132G,1,,,,,
9295G,1,,,,,
A001SO,1,,,,,
A003SH,1,,,,,
A004SH,1,,,,,
A015,1,,,,,
A059P,1,,,,,
A06,1,,,,,
A07,1,,,,,
A1000s,1,,,,,
A101FC,1,,,,,
A101KC,1,,,,,
A103ZT,1,,,,,
A105SH,1,,,,,
A10S,1,,,,,
A13 MID,1,,,,,
A142,1,,,,,
A16,1,,,,,
A19,1,,,,,
A20,1,,,,,
A2000,1,,,,,
A201SH,1,,,,,
A2020N3,1,,,,,
A202SH,1,,,,,
A208SH,1,,,,,
A20S PRO,1,,,,,
A23,1,,,,,
A24,1,,,,,
A340,1,,,,,
A50,1,,,,,
A507LM,1,,,,,
A52 Pro,1,,,,,
A55,1,,,,,
A571L,1,,,,,
A58B,1,,,,,
A631L,1,,,,,
A632WM,1,,,,,
A7050,1,,,,,
A73t,1,,,,,
A74,1,,,,,
A79kt,1,,,,,
A8,1,,,,,
A80,1,,,,,
A9,1,,,,,
ABR-NX1,1,,,,,
AC2003,1,,,,,
ACTAB1021,1,,,,,
ACTAB1022,1,,,,,
ACTAB1024,1,,,,,
AD9,1,,,,,
AE9310,1,,,,,
AKUS PRO,1,,,,,
ALP-AL00,1,,,,,
ANE-LX2J,1,,,,,
ARCTIC,1,,,,,
ATU-L21,1,,,,,
AUM-AL29,1,,,,,
AX8,1,,,,,
Armor 22,1,,,,,
Armor 8,1,,,,,
Armor X10,1,,,,,
Armor X5,1,,,,,
B1 Pro,1,,,,,
B1-7A0,1,,,,,
B1P,1,,,,,
B3-A40,1,,,,,
BAC-L22,1,,,,,
BAH2-W19,1,,,,,
BBF100-2,1,,,,,
BD4i,1,,,,,
BE2015,1,,,,,
BE2028,1,,,,,
BERRY PRO,1,,,,,
BG7n,1,,,,,
BLA-L09,1,,,,,
BLN-L21,1,,,,,
BLN-L22,1,,,,,
BND-AL10,1,,,,,
BT8X1,1,,,,,
BV4800,1,,,,,
BV5200,1,,,,,
BV9200,1,,,,,
BV9900,1,,,,,
Blade A33+ Core,1,,,,,
Blade A5 2020,1,,,,,
Blade A52,1,,,,,
Blade A52 Lite,1,,,,,
Blade A53+,1,,,,,
Blade L210,1,,,,,
Blade L9,1,,,,,
Blade10 Max,1,,,,,
C02,1,,,,,
C1 Plus,1,,,,,
C18 Pro,1,,,,,
C19,1,,,,,
C28,1,,,,,
C36,1,,,,,
C5 2019,1,,,,,
C5L Max,1,,,,,
C6 2020,1,,,,,
C80,1,,,,,
CA6,1,,,,,
CAZ-AL10,1,,,,,
CE7,1,,,,,
CH6IS,1,,,,,
CH6h,1,,,,,
CHP1723,1,,,,,
CI6n,1,,,,,
CL8,1,,,,,
CLT-L09,1,,,,,
CMA-LX1,1,,,,,
CMG101,1,,,,,
CP20 Pro,1,,,,,
CPH1727,1,,,,,
CPH1901,1,,,,,
CPH1941,1,,,,,
CPH2021,1,,,,,
CPH2023,1,,,,,
CPH2043,1,,,,,
CPH2069,1,,,,,
CPH2207,1,,,,,
CPH2359,1,,,,,
CPH2365,1,,,,,
CPH2371,1,,,,,
CPH2401,1,,,,,
CPH2415,1,,,,,
CPH2423,1,,,,,
CPH2457,1,,,,,
CPH2465,1,,,,,
CPH2493,1,,,,,
CPH2513,1,,,,,
CPH2529,1,,,,,
CPH2557,1,,,,,
CPH2607,1,,,,,
CPH2637,1,,,,,
CPH2639,1,,,,,
CPH2645,1,,,,,
CPH2683,1,,,,,
CPH2687,1,,,,,
CPH2689,1,,,,,
CPH2695,1,,,,,
CPH2721,1,,,,,
CPN-W09,1,,,,,
CREST,1,,,,,
CX Air,1,,,,,
Camon CX,1,,,,,
Camon CXS,1,,,,,
D105,1,,,,,
D106,1,,,,,
D118,1,,,,,
DLI-AL10,1,,,,,
DN2103,1,,,,,
DNY-NX9,1,,,,,
DRA-L01,1,,,,,
DUB-LX3,1,,,,,
E10,1,,,,,
E32 Pro,1,,,,,
E50,1,,,,,
E6533,1,,,,,
EB2103,1,,,,,
EUT310A-11A,1,,,,,
EVA-L09,1,,,,,
Elite Octa,1,,,,,
F-01L,1,,,,,
F-02K,1,,,,,
F-03K,1,,,,,
F-41A,1,,,,,
F-42A,1,,,,,
F109L,1,,,,,
F2 LTE,1,,,,,
F6L,1,,,,,
FIG-LX2,1,,,,,
FLAT 1C,1,,,,,
FNE-NX9,1,,,,,
FRD-L09,1,,,,,
G11,1,,,,,
G12,1,,,,,
G3121,1,,,,,
G60 5G,1,,,,,
G61,1,,,,,
G63,1,,,,,
G64L,1,,,,,
G73,1,,,,,
G8,1,,,,,
G8 Power,1,,,,,
G8142,1,,,,,
G8341,1,,,,,
G90 PRO,1,,,,,
GM1901,1,,,,,
GM1910,1,,,,,
GM1913,1,,,,,
GM1917,1,,,,,
H3113,1,,,,,
H8416,1,,,,,
H871S,1,,,,,
HD65 Choice,1,,,,,
HEY2-W09,1,,,,,
HMA-L09,1,,,,,
HW-02L,1,,,,,
HWV33,1,,,,,
I3113,1,,,,,
I4113,1,,,,,
INE-LX1r,1,,,,,
INE-LX2,1,,,,,
INKOSI_PRO_4G,1,,,,,
Infinity E30,1,,,,,
Infinity E8,1,,,,,
Infinity H11,1,,,,,
Infinity H30 Lite,1,,,,,
Infinity H40 Rock,1,,,,,
Infinity H50 Lite,1,,,,,
Infinity H50S 5G,1,,,,,
Iris X8,1,,,,,
J9210,1,,,,,
JKM-LX2,1,,,,,
JSN-AL00a,1,,,,,
K-200,1,,,,,
K110,1,,,,,
K12 Note,1,,,,,
K13 Note,1,,,,,
K14,1,,,,,
K15 Plus,1,,,,,
K2,1,,,,,
KC3,1,,,,,
KE6j,1,,,,,
KF6p,1,,,,,
KF8,1,,,,,
KFKAWI,1,,,,,
KG5,1,,,,,
KG6k,1,,,,,
KINGKONG POWER,1,,,,,
KINGKONG POWER 3,1,,,,,
KINGKONG X,1,,,,,
KJ8,1,,,,,
KOB-W09,1,,,,,
KYT32,1,,,,,
KYV47-u,1,,,,,
L-03K,1,,,,,
L19041,1,,,,,
L3,1,,,,,
L39051,1,,,,,
L5505,1,,,,,
L6006,1,,,,,
LE2101,1,,,,,
LE6h,1,,,,,
LE8,1,,,,,
LE9920_P,1,,,,,
LF7,1,,,,,
LGM-X320K,1,,,,,
LM-K300,1,,,,,
LM-K410,1,,,,,
LM-Q925L,1,,,,,
LM-Q927L,1,,,,,
LM-V600,1,,,,,
LM-X525,1,,,,,
LZX409,1,,,,,
Legend,1,,,,,
M1,1,,,,,
M11,1,,,,,
M15,1,,,,,
M2,1,,,,,
M2006C3MT,1,,,,,
M2007J20CG,1,,,,,
M2007J22C,1,,,,,
M2007J3SY,1,,,,,
M2011K2G,1,,,,,
M2012K10C,1,,,,,
M2101K9G,1,,,,,
M2102K1G,1,,,,,
M2103K19G,1,,,,,
M2103K19PG,1,,,,,
M3,1,,,,,
M50,1,,,,,
M6,1,,,,,
M6 2021,1,,,,,
M6 Note,1,,,,,
M671M4,1,,,,,
M8,1,,,,,
M820-EEA,1,,,,,
M8L,1,,,,,
M9,1,,,,,
MAR-AL00,1,,,,,
MAR-LX1B,1,,,,,
MAR-LX3A,1,,,,,
MHA-L09,1,,,,,
MI 6X,1,,,,,
MI 8 Lite,1,,,,,
MI PAD 4,1,,,,,
MODERN 8,1,,,,,
MP260,1,,,,,
MP450,1,,,,,
MT-T800,1,,,,,
Mi 10,1,,,,,
Mi 9T,1,,,,,
Mi A3,1,,,,,
Moto E22i,1,,,,,
Moto E30,1,,,,,
Moto E6,1,,,,,
Moto E6 Plus,1,,,,,
Moto E6i,1,,,,,
Moto G (2025),1,,,,,
Moto G 5G (2022),1,,,,,
Moto G Power,1,,,,,
Moto G Power 5G - 2024,1,,,,,
Moto G Stylus 5G (2022),1,,,,,
Moto G34 5G,1,,,,,
Moto G50,1,,,,,
Moto G53y 5G,1,,,,,
Moto G84 5G,1,,,,,
Moto Z3,1,,,,,
Moto Z4,1,,,,,
Moto e5 plus,1,,,,,
Moto g stylus (2023),1,,,,,
Moto g(8) power lite,1,,,,,
Mx5,1,,,,,
NE2215,1,,,,,
NEM-L22,1,,,,,
NEN-LX1,1,,,,,
NITRO N62,1,,,,,
NOTE 20 PRO,1,,,,,
NTN-L22,1,,,,,
NV10S,1,,,,,
Note 11P,1,,,,,
Note 14,1,,,,,
Note 7P,1,,,,,
One,1,,,,,
One 5G UW,1,,,,,
Ox-p010-2,1,,,,,
P00I,1,,,,,
P1,1,,,,,
P30T,1,,,,,
P40,1,,,,,
P600,1,,,,,
P630,1,,,,,
P663LN,1,,,,,
P702,1,,,,,
P85T,1,,,,,
PACT00,1,,,,,
PAD8Pro,1,,,,,
PAR-LX1M,1,,,,,
PAR-LX9,1,,,,,
PBAT00,1,,,,,
PBBM30,1,,,,,
PECM20,1,,,,,
PEHM00,1,,,,,
PENM00,1,,,,,
PFJM10,1,,,,,
PG65,1,,,,,
PGGM10,1,,,,,
PGX110,1,,,,,
PHA120,1,,,,,
PIC-LX9,1,,,,,
PJU110,1,,,,,
PKD130,1,,,,,
POT-LX1A,1,,,,,
POT-LX2J,1,,,,,
PPA-LX2,1,,,,,
PR651,1,,,,,
PR652C,1,,,,,
Pad 70,1,,,,,
Pixel,1,,,,,
Pixel 4,1,,,,,
Pixel 4 XL,1,,,,,
Pixel 4a (5G),1,,,,,
Pixel 7,1,,,,,
Pixel 7a,1,,,,,
Pixel 8 Pro,1,,,,,
Pixel 9,1,,,,,
Pixel 9 Pro,1,,,,,
Pixel 9 Pro Fold,1,,,,,
Pixel 9a,1,,,,,
Power,1,,,,,
Power Armor 18T,1,,,,,
Pulse Plus,1,,,,,
Puya,1,,,,,
Q2 Plus,1,,,,,
Q6,1,,,,,
R20,1,,,,,
R7_1,1,,,,,
RB6S,1,,,,,
RCT6513W87DK5e,1,,,,,
RCT6A03W13,1,,,,,
RCT6B06P23,1,,,,,
REVVL V+ 5G,1,,,,,
REVVLRY+,1,,,,,
RIO SS,1,,,,,
RMP2204,1,,,,,
RMX1811,1,,,,,
RMX2020,1,,,,,
RMX2111,1,,,,,
RMX2151,1,,,,,
RMX3151,1,,,,,
RMX3286,1,,,,,
RMX3624,1,,,,,
RMX3741,1,,,,,
RMX3761,1,,,,,
RMX3941,1,,,,,
Redmi 5 Plus,1,,,,,
Redmi 7,1,,,,,
Redmi 7A,1,,,,,
Redmi Note 10 Lite,1,,,,,
Redmi S2,1,,,,,
Redmi Y2,1,,,,,
S10B,1,,,,,
S12,1,,,,,
S1586K,1,,,,,
S3,1,,,,,
S35,1,,,,,
S4-KC,1,,,,,
S41,1,,,,,
S41 Plus,1,,,,,
S51,1,,,,,
S52,1,,,,,
S62,1,,,,,
S62 Pro,1,,,,,
S662LCN,1,,,,,
S685LN,1,,,,,
S7,1,,,,,
S86,1,,,,,
S960S,1,,,,,
S99,1,,,,,
SC-02H,1,,,,,
SC-02J,1,,,,,
SC-02K,1,,,,,
SC-02L,1,,,,,
SC-03L,1,,,,,
SC-42A,1,,,,,
SC-56B,1,,,,,
SCG12,1,,,,,
SCG15,1,,,,,
SCG17,1,,,,,
SCV39,1,,,,,
SCV41,1,,,,,
SCV43,1,,,,,
SCV46,1,,,,,
SCV49,1,,,,,
SH-03K,1,,,,,
SHG03,1,,,,,
SHV39,1,,,,,
SHV41,1,,,,,
SHV42,1,,,,,
SHV45,1,,,,,
SLA-L23,1,,,,,
SM-A015F,1,,,,,
SM-A025U,1,,,,,
SM-A035M,1,,,,,
SM-A037W,1,,,,,
SM-A066,1,,,,,
SM-A102N,1,,,,,
SM-A102W,1,,,,,
SM-A115U,1,,,,,
SM-A115U1,1,,,,,
SM-A127M,1,,,,,
SM-A135U1,1,,,,,
SM-A145MB,1,,,,,
SM-A146M,1,,,,,
SM-A166EU,1,,,,,
SM-A166M,1,,,,,
SM-A166V,1,,,,,
SM-A202K,1,,,,,
SM-A205G,1,,,,,
SM-A205S,1,,,,,
SM-A226BR,1,,,,,
SM-A236B,1,,,,,
SM-A236E,1,,,,,
SM-A236U1,1,,,,,
SM-A245M,1,,,,,
SM-A256U1,1,,,,,
SM-A305G,1,,,,,
SM-A307GT,1,,,,,
SM-A320FL,1,,,,,
SM-A325M,1,,,,,
SM-A326U1,1,,,,,
SM-A326W,1,,,,,
SM-A356W,1,,,,,
SM-A505G,1,,,,,
SM-A505N,1,,,,,
SM-A505U1,1,,,,,
SM-A5070,1,,,,,
SM-A507FN,1,,,,,
SM-A515W,1,,,,,
SM-A516U,1,,,,,
SM-A520L,1,,,,,
SM-A520W,1,,,,,
SM-A526U,1,,,,,
SM-A526W,1,,,,,
SM-A536U1,1,,,,,
SM-A5460,1,,,,,
SM-A546B,1,,,,,
SM-A546U1,1,,,,,
SM-A546V,1,,,,,
SM-A6050,1,,,,,
SM-A605FN,1,,,,,
SM-A605G,1,,,,,
SM-A6060,1,,,,,
SM-A705F,1,,,,,
SM-A705W,1,,,,,
SM-A716B,1,,,,,
SM-A750GN,1,,,,,
SM-C5010,1,,,,,
SM-E066B,1,,,,,
SM-E145F,1,,,,,
SM-E625F,1,,,,,
SM-F127G,1,,,,,
SM-F711B,1,,,,,
SM-F711U,1,,,,,
SM-F711U1,1,,,,,
SM-F731B,1,,,,,
SM-F741B,1,,,,,
SM-F916N,1,,,,,
SM-F936N,1,,,,,
SM-F936U,1,,,,,
SM-F946B,1,,,,,
SM-F946N,1,,,,,
SM-F946U,1,,,,,
SM-F956B,1,,,,,
SM-G600S,1,,,,,
SM-G6100,1,,,,,
SM-G715U,1,,,,,
SM-G781N,1,,,,,
SM-G8850,1,,,,,
SM-G887N,1,,,,,
SM-G891A,1,,,,,
SM-G892A,1,,,,,
SM-G892U,1,,,,,
SM-G9208,1,,,,,
SM-G920A,1,,,,,
SM-G920T,1,,,,,
SM-G920V,1,,,,,
SM-G928V,1,,,,,
SM-G930P,1,,,,,
SM-G930W8,1,,,,,
SM-G935K,1,,,,,
SM-G935L,1,,,,,
SM-G935U,1,,,,,
SM-G955N,1,,,,,
SM-G965W,1,,,,,
SM-G970W,1,,,,,
SM-G973C,1,,,,,
SM-G981B,1,,,,,
SM-G981U1,1,,,,,
SM-G986B,1,,,,,
SM-G988N,1,,,,,
SM-G990B,1,,,,,
SM-G990U,1,,,,,
SM-G990W2,1,,,,,
SM-G991N,1,,,,,
SM-G998N,1,,,,,
SM-J260FU,1,,,,,
SM-J337A,1,,,,,
SM-J701M,1,,,,,
SM-J720F,1,,,,,
SM-J730F,1,,,,,
SM-J737A,1,,,,,
SM-J737R4,1,,,,,
SM-J737T1,1,,,,,
SM-J737U,1,,,,,
SM-M022G,1,,,,,
SM-M105F,1,,,,,
SM-M105G,1,,,,,
SM-M205F,1,,,,,
SM-M526R,1,,,,,
SM-M536B,1,,,,,
SM-M556B,1,,,,,
SM-N920T,1,,,,,
SM-N920V,1,,,,,
SM-N9500,1,,,,,
SM-N971N,1,,,,,
SM-N9760,1,,,,,
SM-N976U,1,,,,,
SM-N980F,1,,,,,
SM-N981U1,1,,,,,
SM-N985F,1,,,,,
SM-N986N,1,,,,,
SM-N986W,1,,,,,
SM-P355,1,,,,,
SM-P580,1,,,,,
SM-P615N,1,,,,,
SM-P625,1,,,,,
SM-S115DL,1,,,,,
SM-S156V,1,,,,,
SM-S205DL,1,,,,,
SM-S515DL,1,,,,,
SM-S711W,1,,,,,
SM-S721W,1,,,,,
SM-S727T1,1,,,,,
SM-S901U1,1,,,,,
SM-S906E,1,,,,,
SM-S906N,1,,,,,
SM-S906U1,1,,,,,
SM-S908E,1,,,,,
SM-S908N,1,,,,,
SM-S911B,1,,,,,
SM-S911U,1,,,,,
SM-S911U1,1,,,,,
SM-S918N,1,,,,,
SM-S918U,1,,,,,
SM-S921B,1,,,,,
SM-S926B,1,,,,,
SM-S926U,1,,,,,
SM-S928W,1,,,,,
SM-S931B,1,,,,,
SM-S938U,1,,,,,
SM-T378V,1,,,,,
SM-T385,1,,,,,
SM-T385C,1,,,,,
SM-T387W,1,,,,,
SM-T395,1,,,,,
SM-T397U,1,,,,,
SM-T509,1,,,,,
SM-T517P,1,,,,,
SM-T530,1,,,,,
SM-T583,1,,,,,
SM-T597W,1,,,,,
SM-T715,1,,,,,
SM-T727U,1,,,,,
SM-T733,1,,,,,
SM-T735,1,,,,,
SM-T815Y,1,,,,,
SM-T865N,1,,,,,
SM-T867V,1,,,,,
SM-T870,1,,,,,
SM-X716B,1,,,,,
SM-X810,1,,,,,
SM-X926B,1,,,,,
SNE-LX2,1,,,,,
SO-01J,1,,,,,
SO-05K,1,,,,,
SOG01,1,,,,,
SOG07,1,,,,,
SOT31,1,,,,,
SOV37,1,,,,,
SOV38,1,,,,,
SOV42,1,,,,,
STEP_UP,1,,,,,
STK-LX3,1,,,,,
Star 5,1,,,,,
Sunshine_T1_Elite,1,,,,,
T10E,1,,,,,
T10W2,1,,,,,
T12,1,,,,,
T20S,1,,,,,
T30 Pro,1,,,,,
T30E,1,,,,,
T432W,1,,,,,
T434D,1,,,,,
T506F,1,,,,,
T507U,1,,,,,
T6,1,,,,,
T602DL,1,,,,,
T608M,1,,,,,
T613K,1,,,,,
T671H,1,,,,,
T7,1,,,,,
T766H EEA,1,,,,,
T771K,1,,,,,
T776O,1,,,,,
T803,1,,,,,
T8Pro,1,,,,,
TA-1012,1,,,,,
TA-1021,1,,,,,
TA-1033,1,,,,,
TAB-8US2,1,,,,,
TB-7304F,1,,,,,
TB-7306F,1,,,,,
TB-8504X,1,,,,,
TB-8505XS,1,,,,,
TB-8506F,1,,,,,
TB-8705X,1,,,,,
TB-J607F,1,,,,,
TB-X304L,1,,,,,
TB-X304X,1,,,,,
TB-X505L,1,,,,,
TB-X606XA,1,,,,,
TB-X6C6F,1,,,,,
TB-X6C6X,1,,,,,
TB-X704F,1,,,,,
TB125FU,1,,,,,
TB300FU,1,,,,,
TRT-TL10,1,,,,,
Tab 15,1,,,,,
Tab 15 Pro,1,,,,,
Tab 7,1,,,,,
Tab 70 WiFi,1,,,,,
Tab 8,1,,,,,
Tab 8 Kids,1,,,,,
Tab A7,1,,,,,
Tab7,1,,,,,
U11,1,,,,,
U12 life,1,,,,,
U318AA,1,,,,,
U652S,1,,,,,
U9,1,,,,,
U963,1,,,,,
V1732T,1,,,,,
V1829A,1,,,,,
V2025,1,,,,,
V2035,1,,,,,
V2045,1,,,,,
V2046,1,,,,,
V2116,1,,,,,
V2126,1,,,,,
V2180GA,1,,,,,
V2202,1,,,,,
V2245A,1,,,,,
V2250,1,,,,,
V2318A,1,,,,,
V2322,1,,,,,
V2353A,1,,,,,
V2417,1,,,,,
V2427,1,,,,,
V2432,1,,,,,
V2434,1,,,,,
V2441,1,,,,,
V8,1,,,,,
V88,1,,,,,
VFD 1300,1,,,,,
VFD 620,1,,,,,
VKY-L29,1,,,,,
VNA-LX2,1,,,,,
VNE-N41,1,,,,,
VNS-L22,1,,,,,
VOG-TL00,1,,,,,
VTR-L09,1,,,,,
VX18,1,,,,,
View Prime,1,,,,,
W-K380-TH,1,,,,,
W-K610-EEA,1,,,,,
W-K610-FRA,1,,,,,
W-V600,1,,,,,
W-V680-EEA,1,,,,,
W-V745-EEA,1,,,,,
W-V750BN-EEA,1,,,,,
W4002,1,,,,,
WAS-AL00,1,,,,,
WAS-LX1,1,,,,,
WAS-LX2J,1,,,,,
WAVE 6C,1,,,,,
WAVE 8C,1,,,,,
WIM Lite,1,,,,,
WP16,1,,,,,
WP17,1,,,,,
WP5,1,,,,,
Wildfire E star,1,,,,,
Wildfire E3,1,,,,,
X008D,1,,,,,
X00RD,1,,,,,
X10 ULTRA,1,,,,,
X100,1,,,,,
X10G,1,,,,,
X30 Pro,1,,,,,
X5,1,,,,,
X5514D,1,,,,,
X559C,1,,,,,
X573,1,,,,,
X573S,1,,,,,
X608,1,,,,,
X612B,1,,,,,
X626B,1,,,,,
X6512,1,,,,,
X657,1,,,,,
X659B,1,,,,,
X662B,1,,,,,
X6710,1,,,,,
X6711,1,,,,,
X677,1,,,,,
X6811B,1,,,,,
X6815B,1,,,,,
X6832,1,,,,,
X6835,1,,,,,
X6851,1,,,,,
X6852,1,,,,,
X698,1,,,,,
X7plus,1,,,,,
X800L,1,,,,,
X85 PRO,1,,,,,
X8A,1,,,,,
X97 Pro,1,,,,,
X9s,1,,,,,
XQ-AT51,1,,,,,
XQ-BT52,1,,,,,
XT-2343-3,1,,,,,
XT1585,1,,,,,
XT1635-01,1,,,,,
XT1650,1,,,,,
XT1710-02,1,,,,,
XT2171-3,1,,,,,
XT2335-2,1,,,,,
Y105-TL,1,,,,,
Y66,1,,,,,
Y66i A,1,,,,,
Y79A,1,,,,,
YB1-X90F,1,,,,,
Z017DA,1,,,,,
Z01KD,1,,,,,
Z1,1,,,,,
Z1 EEA,1,,,,,
Z2352N,1,,,,,
Z2353,1,,,,,
Z2356,1,,,,,
Z2357N,1,,,,,
Z6252CA,1,,,,,
d-01K,1,,,,,
d-42A,1,,,,,
edge 20 lite,1,,,,,
iPad Mini 4,1,,,,,
iPad Pro (11-inch) (4th generation),1,,,,,
iPad Pro (12.9-inch) (3rd generation),1,,,,,
iPad Pro 12.9 inch,1,,,,,
iPad Pro 9.7 inch,1,,,,,
iPlay 50 mini Pro,1,,,,,
iPlay 50S,1,,,,,
moto e,1,,,,,
moto e(7),1,,,,,
moto e5 supra,1,,,,,
moto g stylus (2021),1,,,,,
moto g(10),1,,,,,
moto g(7) optimo maxx(XT1955DL),1,,,,,
moto g(8) plus,1,,,,,
moto g15,1,,,,,
moto g23,1,,,,,
moto g62 5G,1,,,,,